month,category,subcategory,duration
2020-05,Comedy,other,0.9149999999999999
2020-05,Education,exam_prep,1.2858333333333334
2020-05,Education,other_education,29.994166666666665
2020-05,Entertainment,comedy,1.6833333333333331
2020-05,Entertainment,highlights,1.4172222222222222
2020-05,Entertainment,other_entertainment,3.912777777777777
2020-05,Film & Animation,other,0.1638888888888889
2020-05,Gaming,fps,1.9008333333333336
2020-05,Gaming,gta,0.3466666666666667
2020-05,Gaming,other_gaming,1.8672222222222221
2020-05,Gaming,strategy,15.656388888888891
2020-05,Gaming,streaming,4.821388888888889
2020-05,Music,other,9.158611111111107
2020-05,News & Politics,other,1.6013888888888888
2020-05,People & Blogs,other_people_blogs,1.4344444444444444
2020-05,Pets & Animals,other,0.1986111111111111
2020-05,Science & Technology,other,0.11722222222222223
2020-05,Sports,other,0.04638888888888889
2020-05,Travel & Events,other,0.05138888888888889
2020-06,Comedy,other,1.5288888888888885
2020-06,Education,exam_prep,26.364166666666662
2020-06,Education,finance_market,1.035
2020-06,Education,financial_education,0.5519444444444445
2020-06,Education,language,0.13972222222222222
2020-06,Education,other_education,1.7705555555555554
2020-06,Entertainment,comedy,2.243888888888888
2020-06,Entertainment,highlights,1.343611111111111
2020-06,Entertainment,other_entertainment,21.27333333333333
2020-06,Entertainment,reactions,0.018333333333333333
2020-06,Film & Animation,other,0.5066666666666667
2020-06,Gaming,fps,5.551388888888889
2020-06,Gaming,gta,3.4094444444444445
2020-06,Gaming,minecraft,0.413888888888889
2020-06,Gaming,other_gaming,14.26111111111111
2020-06,Gaming,strategy,26.90361111111112
2020-06,Gaming,streaming,10.353611111111109
2020-06,Howto & Style,other,0.4147222222222222
2020-06,Music,other,13.0686111111111
2020-06,News & Politics,other,0.21027777777777779
2020-06,People & Blogs,other_people_blogs,1.8644444444444446
2020-06,People & Blogs,personal_vlogs,0.09361111111111112
2020-06,Pets & Animals,other,0.12361111111111112
2020-06,Science & Technology,other,0.8327777777777778
2020-06,Sports,other,1.0988888888888888
2020-07,Autos & Vehicles,other,0.07
2020-07,Comedy,other,6.378611111111112
2020-07,Education,exam_prep,9.559999999999997
2020-07,Education,finance_market,1.6586111111111113
2020-07,Education,other_education,3.378333333333333
2020-07,Entertainment,comedy,0.5877777777777777
2020-07,Entertainment,highlights,0.034166666666666665
2020-07,Entertainment,other_entertainment,11.89861111111111
2020-07,Entertainment,reactions,0.013055555555555556
2020-07,Film & Animation,other,0.20444444444444446
2020-07,Gaming,fps,1.9122222222222223
2020-07,Gaming,minecraft,0.41333333333333333
2020-07,Gaming,other_gaming,8.450277777777778
2020-07,Gaming,strategy,16.769444444444442
2020-07,Gaming,streaming,9.336111111111112
2020-07,Howto & Style,other,0.6377777777777778
2020-07,Music,other,25.36027777777778
2020-07,News & Politics,other,3.9172222222222226
2020-07,Nonprofits & Activism,other,0.3047222222222222
2020-07,People & Blogs,educational,0.005555555555555556
2020-07,People & Blogs,other_people_blogs,7.448333333333334
2020-07,People & Blogs,personal_vlogs,0.1847222222222222
2020-07,Pets & Animals,other,0.5852777777777778
2020-07,Science & Technology,other,0.044166666666666674
2020-07,Sports,other,2.9133333333333344
2020-07,Travel & Events,other,0.051388888888888894
2020-08,Comedy,other,2.7591666666666645
2020-08,Education,exam_prep,22.279722222222226
2020-08,Education,finance_market,0.6141666666666666
2020-08,Education,other_education,4.519444444444444
2020-08,Education,programming,0.7572222222222222
2020-08,Entertainment,analysis,0.9900000000000001
2020-08,Entertainment,comedy,1.083888888888889
2020-08,Entertainment,highlights,0.017499999999999998
2020-08,Entertainment,other_entertainment,9.61138888888889
2020-08,Entertainment,reactions,0.6066666666666666
2020-08,Film & Animation,other,0.40055555555555594
2020-08,Gaming,fps,2.0599999999999996
2020-08,Gaming,gta,0.010555555555555556
2020-08,Gaming,minecraft,2.292222222222222
2020-08,Gaming,other_gaming,10.547777777777778
2020-08,Gaming,strategy,18.15222222222222
2020-08,Gaming,streaming,5.9833333333333325
2020-08,Howto & Style,other,1.2430555555555556
2020-08,Music,other,27.3236111111111
2020-08,News & Politics,other,0.768611111111111
2020-08,People & Blogs,other_people_blogs,3.717777777777777
2020-08,People & Blogs,personal_vlogs,2.535833333333333
2020-08,People & Blogs,tech_reviews,12.095555555555556
2020-08,Pets & Animals,other,0.08638888888888889
2020-08,Science & Technology,other,0.05583333333333333
2020-08,Sports,other,0.8905555555555555
2020-09,Comedy,other,1.569722222222222
2020-09,Education,exam_prep,7.307777777777778
2020-09,Education,finance_market,0.7605555555555557
2020-09,Education,language,0.08083333333333333
2020-09,Education,other_education,1.0458333333333334
2020-09,Entertainment,analysis,0.705
2020-09,Entertainment,comedy,2.0005555555555556
2020-09,Entertainment,highlights,0.6083333333333334
2020-09,Entertainment,other_entertainment,13.806944444444449
2020-09,Entertainment,reactions,0.42694444444444446
2020-09,Film & Animation,other,0.5927777777777777
2020-09,Gaming,fps,1.7866666666666666
2020-09,Gaming,gta,6.416666666666667
2020-09,Gaming,minecraft,22.310000000000002
2020-09,Gaming,other_gaming,4.4222222222222225
2020-09,Gaming,strategy,10.337777777777779
2020-09,Gaming,streaming,5.923055555555556
2020-09,Howto & Style,other,0.7022222222222222
2020-09,Music,other,8.158055555555555
2020-09,News & Politics,other,0.49638888888888894
2020-09,Nonprofits & Activism,other,0.016944444444444446
2020-09,People & Blogs,educational,0.095
2020-09,People & Blogs,other_people_blogs,3.6722222222222225
2020-09,People & Blogs,personal_vlogs,0.4386111111111111
2020-09,Pets & Animals,other,0.028055555555555556
2020-09,Science & Technology,other,0.18722222222222223
2020-09,Sports,other,0.6627777777777778
2020-10,Comedy,other,1.2872222222222225
2020-10,Education,exam_prep,11.824722222222224
2020-10,Education,finance_market,1.5519444444444446
2020-10,Education,financial_education,0.1686111111111111
2020-10,Education,other_education,2.073888888888889
2020-10,Entertainment,analysis,1.106111111111111
2020-10,Entertainment,comedy,7.226388888888889
2020-10,Entertainment,highlights,0.06888888888888889
2020-10,Entertainment,other_entertainment,17.385
2020-10,Film & Animation,other,0.3630555555555556
2020-10,Gaming,fps,1.4719444444444443
2020-10,Gaming,gta,0.7869444444444444
2020-10,Gaming,minecraft,13.654722222222222
2020-10,Gaming,other_gaming,7.0791666666666675
2020-10,Gaming,strategy,37.311666666666675
2020-10,Gaming,streaming,21.307777777777776
2020-10,Howto & Style,other,0.8952777777777778
2020-10,Music,other,12.6038888888889
2020-10,News & Politics,other,0.4613888888888889
2020-10,People & Blogs,commentary,0.0811111111111111
2020-10,People & Blogs,other_people_blogs,12.972499999999998
2020-10,People & Blogs,personal_vlogs,0.2288888888888889
2020-10,Science & Technology,other,0.033888888888888885
2020-10,Sports,other,0.40166666666666667
2020-11,Comedy,other,0.34249999999999997
2020-11,Education,exam_prep,7.577777777777777
2020-11,Education,finance_market,0.31305555555555553
2020-11,Education,other_education,1.5050000000000001
2020-11,Education,programming,0.23777777777777778
2020-11,Entertainment,comedy,4.420000000000001
2020-11,Entertainment,highlights,0.5016666666666667
2020-11,Entertainment,other_entertainment,10.98388888888889
2020-11,Entertainment,reactions,0.8475
2020-11,Entertainment,shorts,0.01138888888888889
2020-11,Film & Animation,other,0.46333333333333326
2020-11,Gaming,fps,9.99527777777778
2020-11,Gaming,gta,0.7913888888888889
2020-11,Gaming,minecraft,24.17972222222222
2020-11,Gaming,other_gaming,20.77
2020-11,Gaming,strategy,22.042777777777776
2020-11,Gaming,streaming,42.176111111111105
2020-11,Howto & Style,other,1.0622222222222222
2020-11,Music,other,13.7875
2020-11,News & Politics,other,1.275
2020-11,People & Blogs,commentary,0.33055555555555555
2020-11,People & Blogs,educational,0.10750000000000001
2020-11,People & Blogs,other_people_blogs,17.817499999999995
2020-11,People & Blogs,personal_vlogs,0.5733333333333334
2020-11,People & Blogs,tech_reviews,0.14944444444444444
2020-11,Pets & Animals,other,0.005833333333333334
2020-11,Science & Technology,other,0.06972222222222221
2020-11,Sports,other,0.5416666666666666
2020-11,Travel & Events,other,0.006666666666666667
2020-12,Comedy,other,0.21416666666666667
2020-12,Education,exam_prep,22.044444444444444
2020-12,Education,finance_market,0.6630555555555555
2020-12,Education,financial_education,1.2477777777777777
2020-12,Education,language,0.16666666666666666
2020-12,Education,other_education,5.517222222222222
2020-12,Entertainment,comedy,0.21999999999999997
2020-12,Entertainment,highlights,0.21611111111111111
2020-12,Entertainment,other_entertainment,15.460555555555551
2020-12,Entertainment,reactions,4.625555555555555
2020-12,Film & Animation,other,0.025555555555555557
2020-12,Gaming,fps,5.1147222222222215
2020-12,Gaming,minecraft,30.63916666666667
2020-12,Gaming,other_gaming,8.439166666666667
2020-12,Gaming,strategy,22.6475
2020-12,Gaming,streaming,26.772222222222222
2020-12,Howto & Style,other,0.027777777777777776
2020-12,Music,other,12.562499999999998
2020-12,News & Politics,other,0.04666666666666667
2020-12,Nonprofits & Activism,other,0.05583333333333333
2020-12,People & Blogs,educational,0.01638888888888889
2020-12,People & Blogs,other_people_blogs,4.274722222222222
2020-12,Pets & Animals,other,0.33638888888888885
2020-12,Science & Technology,other,0.1438888888888889
2020-12,Sports,other,1.0961111111111113
2021-01,Comedy,other,0.6983333333333334
2021-01,Education,exam_prep,50.78166666666668
2021-01,Education,finance_market,4.199722222222222
2021-01,Education,language,2.8741666666666665
2021-01,Education,other_education,14.516111111111115
2021-01,Education,programming,0.015555555555555555
2021-01,Entertainment,comedy,0.11722222222222223
2021-01,Entertainment,highlights,0.9144444444444444
2021-01,Entertainment,other_entertainment,13.88444444444445
2021-01,Entertainment,reactions,0.8805555555555555
2021-01,Film & Animation,other,1.6763888888888887
2021-01,Gaming,fps,1.6872222222222224
2021-01,Gaming,gta,0.2733333333333333
2021-01,Gaming,minecraft,25.389722222222222
2021-01,Gaming,other_gaming,4.395
2021-01,Gaming,strategy,35.29444444444446
2021-01,Gaming,streaming,4.255833333333333
2021-01,Howto & Style,other,0.6766666666666666
2021-01,Music,other,13.693333333333337
2021-01,News & Politics,other,1.1013888888888888
2021-01,People & Blogs,other_people_blogs,3.988888888888889
2021-01,People & Blogs,personal_vlogs,0.3288888888888889
2021-01,Pets & Animals,other,0.03666666666666667
2021-01,Science & Technology,other,0.24888888888888888
2021-01,Sports,other,0.41138888888888886
2021-02,Comedy,other,0.7905555555555557
2021-02,Education,exam_prep,9.522777777777776
2021-02,Education,finance_market,0.8672222222222222
2021-02,Education,other_education,6.309444444444447
2021-02,Entertainment,analysis,0.31222222222222223
2021-02,Entertainment,comedy,1.8255555555555558
2021-02,Entertainment,highlights,1.1188888888888888
2021-02,Entertainment,other_entertainment,11.100555555555559
2021-02,Entertainment,reactions,1.8808333333333334
2021-02,Film & Animation,other,0.8608333333333333
2021-02,Gaming,fps,4.73861111111111
2021-02,Gaming,minecraft,7.648055555555556
2021-02,Gaming,other_gaming,11.452499999999999
2021-02,Gaming,strategy,22.41861111111111
2021-02,Gaming,streaming,7.921666666666667
2021-02,Howto & Style,other,0.7436111111111111
2021-02,Music,other,13.22027777777778
2021-02,News & Politics,other,0.10277777777777777
2021-02,People & Blogs,other_people_blogs,5.256111111111112
2021-02,People & Blogs,personal_vlogs,0.3302777777777778
2021-02,Sports,other,0.8486111111111111
2021-03,Comedy,other,0.7127777777777777
2021-03,Education,exam_prep,65.24361111111115
2021-03,Education,finance_market,3.956666666666667
2021-03,Education,financial_education,0.2127777777777778
2021-03,Education,other_education,4.456944444444444
2021-03,Entertainment,analysis,0.2288888888888889
2021-03,Entertainment,comedy,2.3516666666666657
2021-03,Entertainment,other_entertainment,9.636111111111111
2021-03,Entertainment,reactions,3.420833333333333
2021-03,Film & Animation,other,0.4511111111111111
2021-03,Gaming,fps,0.6763888888888889
2021-03,Gaming,minecraft,5.572500000000001
2021-03,Gaming,other_gaming,25.450277777777774
2021-03,Gaming,strategy,10.631111111111109
2021-03,Gaming,streaming,20.794999999999995
2021-03,Howto & Style,other,0.1238888888888889
2021-03,Music,other,4.099722222222223
2021-03,News & Politics,other,2.047777777777778
2021-03,People & Blogs,educational,1.212777777777778
2021-03,People & Blogs,other_people_blogs,8.245833333333334
2021-03,People & Blogs,personal_vlogs,0.5891666666666666
2021-03,Sports,other,0.6683333333333333
2021-04,Comedy,other,0.06666666666666667
2021-04,Education,exam_prep,65.17000000000003
2021-04,Education,finance_market,0.015555555555555555
2021-04,Education,other_education,5.784166666666667
2021-04,Entertainment,comedy,1.6194444444444447
2021-04,Entertainment,highlights,0.3780555555555556
2021-04,Entertainment,other_entertainment,12.440833333333332
2021-04,Entertainment,reactions,0.6819444444444445
2021-04,Entertainment,shorts,0.016666666666666666
2021-04,Film & Animation,other,0.23472222222222222
2021-04,Gaming,fps,0.12416666666666668
2021-04,Gaming,gta,0.1363888888888889
2021-04,Gaming,minecraft,1.1152777777777778
2021-04,Gaming,other_gaming,29.26111111111111
2021-04,Gaming,strategy,7.483333333333332
2021-04,Gaming,streaming,16.035555555555558
2021-04,Howto & Style,other,0.2877777777777778
2021-04,Music,other,11.776666666666669
2021-04,News & Politics,other,0.49333333333333335
2021-04,People & Blogs,other_people_blogs,7.266111111111111
2021-04,People & Blogs,tech_reviews,0.005277777777777778
2021-04,Science & Technology,other,0.4458333333333333
2021-04,Sports,other,0.21444444444444444
2021-04,Travel & Events,other,0.12000000000000001
2021-05,Comedy,other,0.5222222222222223
2021-05,Education,exam_prep,154.05888888888887
2021-05,Education,finance_market,0.8180555555555555
2021-05,Education,other_education,12.727777777777776
2021-05,Entertainment,comedy,1.3716666666666661
2021-05,Entertainment,highlights,0.3086111111111111
2021-05,Entertainment,other_entertainment,15.178888888888887
2021-05,Entertainment,shorts,0.016666666666666666
2021-05,Film & Animation,other,1.3630555555555555
2021-05,Gaming,fps,0.4363888888888889
2021-05,Gaming,gta,4.3533333333333335
2021-05,Gaming,minecraft,1.0016666666666667
2021-05,Gaming,other_gaming,11.659722222222223
2021-05,Gaming,strategy,10.580555555555554
2021-05,Gaming,streaming,5.194166666666667
2021-05,Howto & Style,other,0.07083333333333333
2021-05,Music,other,12.65277777777778
2021-05,News & Politics,other,8.298055555555555
2021-05,People & Blogs,other_people_blogs,24.962222222222223
2021-05,People & Blogs,personal_vlogs,0.29
2021-05,Science & Technology,other,0.0125
2021-05,Sports,other,0.27111111111111114
2021-05,Travel & Events,other,0.059722222222222225
2021-06,Autos & Vehicles,other,0.005277777777777778
2021-06,Comedy,other,1.2125
2021-06,Education,exam_prep,105.29472222222222
2021-06,Education,finance_market,1.8552777777777778
2021-06,Education,other_education,3.7486111111111113
2021-06,Entertainment,comedy,1.604722222222223
2021-06,Entertainment,other_entertainment,7.5150000000000015
2021-06,Entertainment,reactions,2.4294444444444445
2021-06,Entertainment,shorts,0.014722222222222222
2021-06,Film & Animation,other,0.28750000000000003
2021-06,Gaming,fps,12.318055555555555
2021-06,Gaming,minecraft,2.6330555555555555
2021-06,Gaming,other_gaming,4.938888888888889
2021-06,Gaming,strategy,12.085555555555555
2021-06,Gaming,streaming,13.061666666666667
2021-06,Music,other,7.277500000000002
2021-06,News & Politics,other,2.1058333333333334
2021-06,People & Blogs,commentary,0.11166666666666666
2021-06,People & Blogs,educational,0.013333333333333334
2021-06,People & Blogs,other_people_blogs,6.779166666666666
2021-06,People & Blogs,personal_vlogs,0.505
2021-06,Pets & Animals,other,0.4672222222222222
2021-06,Science & Technology,other,0.0125
2021-06,Sports,other,0.4225
2021-06,Travel & Events,other,0.6533333333333333
2021-07,Autos & Vehicles,other,0.006666666666666667
2021-07,Comedy,other,0.20222222222222222
2021-07,Education,exam_prep,5.473333333333334
2021-07,Education,other_education,0.3272222222222222
2021-07,Education,programming,0.28444444444444444
2021-07,Entertainment,comedy,0.8138888888888886
2021-07,Entertainment,other_entertainment,10.369722222222222
2021-07,Entertainment,reactions,2.113611111111111
2021-07,Entertainment,shorts,0.16499999999999998
2021-07,Film & Animation,other,0.4186111111111111
2021-07,Gaming,fps,0.31555555555555553
2021-07,Gaming,minecraft,3.0516666666666667
2021-07,Gaming,other_gaming,0.6791666666666667
2021-07,Gaming,strategy,21.283611111111117
2021-07,Gaming,streaming,7.433333333333333
2021-07,Howto & Style,other,0.0975
2021-07,Music,other,10.236388888888888
2021-07,News & Politics,other,0.4361111111111111
2021-07,People & Blogs,educational,0.021944444444444444
2021-07,People & Blogs,other_people_blogs,3.8961111111111113
2021-07,People & Blogs,personal_vlogs,0.3486111111111111
2021-07,People & Blogs,tech_reviews,0.03305555555555556
2021-07,Pets & Animals,other,0.0038888888888888888
2021-07,Science & Technology,other,0.36972222222222223
2021-07,Sports,other,0.7661111111111112
2021-08,Comedy,other,0.006666666666666666
2021-08,Education,exam_prep,11.168611111111113
2021-08,Education,finance_market,0.20361111111111113
2021-08,Education,other_education,0.1872222222222222
2021-08,Entertainment,comedy,1.0775000000000001
2021-08,Entertainment,other_entertainment,3.1530555555555555
2021-08,Entertainment,reactions,0.37166666666666665
2021-08,Entertainment,shorts,0.021666666666666667
2021-08,Film & Animation,other,0.009722222222222222
2021-08,Gaming,fps,0.38805555555555554
2021-08,Gaming,minecraft,4.535
2021-08,Gaming,other_gaming,2.628888888888889
2021-08,Gaming,strategy,11.574722222222222
2021-08,Gaming,streaming,13.0325
2021-08,Howto & Style,other,0.0044444444444444444
2021-08,Music,other,4.716944444444445
2021-08,Nonprofits & Activism,other,0.0075
2021-08,People & Blogs,educational,0.03305555555555555
2021-08,People & Blogs,other_people_blogs,4.083333333333334
2021-08,People & Blogs,personal_vlogs,0.003611111111111111
2021-08,Science & Technology,other,0.002777777777777778
2021-08,Sports,other,0.1938888888888889
2021-09,Comedy,other,0.395
2021-09,Education,exam_prep,5.885277777777778
2021-09,Education,other_education,0.04138888888888889
2021-09,Entertainment,comedy,0.5883333333333334
2021-09,Entertainment,other_entertainment,1.6722222222222223
2021-09,Entertainment,shorts,0.021388888888888888
2021-09,Film & Animation,other,0.6199999999999999
2021-09,Gaming,fps,0.09027777777777778
2021-09,Gaming,minecraft,2.7813888888888885
2021-09,Gaming,other_gaming,2.630555555555556
2021-09,Gaming,strategy,11.171944444444446
2021-09,Gaming,streaming,5.3325
2021-09,Music,other,3.8838888888888885
2021-09,People & Blogs,other_people_blogs,0.6113888888888889
2021-09,Science & Technology,other,0.01611111111111111
2021-09,Sports,other,0.009444444444444445
2021-10,Autos & Vehicles,other,0.0075
2021-10,Comedy,other,0.33527777777777773
2021-10,Education,exam_prep,4.448611111111111
2021-10,Entertainment,comedy,0.7788888888888891
2021-10,Entertainment,other_entertainment,0.5861111111111112
2021-10,Entertainment,reactions,0.015
2021-10,Entertainment,shorts,0.0275
2021-10,Gaming,fps,0.028333333333333335
2021-10,Gaming,gta,0.19
2021-10,Gaming,minecraft,1.453888888888889
2021-10,Gaming,other_gaming,0.43527777777777776
2021-10,Gaming,strategy,7.328333333333331
2021-10,Gaming,streaming,3.5269444444444438
2021-10,Music,other,2.3519444444444444
2021-10,People & Blogs,other_people_blogs,0.07777777777777779
2021-10,People & Blogs,personal_vlogs,0.0125
2021-10,People & Blogs,tech_reviews,0.0022222222222222222
2021-10,Sports,other,0.008333333333333333
2021-11,Comedy,other,0.03194444444444444
2021-11,Education,exam_prep,8.157222222222222
2021-11,Entertainment,comedy,0.7825000000000003
2021-11,Entertainment,other_entertainment,1.965833333333333
2021-11,Entertainment,reactions,1.2272222222222222
2021-11,Entertainment,shorts,0.02361111111111111
2021-11,Film & Animation,other,0.006388888888888889
2021-11,Gaming,fps,0.33944444444444444
2021-11,Gaming,gta,0.5066666666666667
2021-11,Gaming,minecraft,4.961944444444444
2021-11,Gaming,other_gaming,4.201666666666667
2021-11,Gaming,strategy,30.75472222222221
2021-11,Gaming,streaming,3.1613888888888892
2021-11,Howto & Style,other,0.03277777777777778
2021-11,Music,other,3.3972222222222213
2021-11,People & Blogs,other_people_blogs,0.09694444444444444
2021-11,People & Blogs,personal_vlogs,0.0044444444444444444
2021-11,Science & Technology,other,0.015555555555555555
2021-12,Comedy,other,0.009444444444444445
2021-12,Education,exam_prep,4.751388888888889
2021-12,Entertainment,comedy,0.8333333333333333
2021-12,Entertainment,other_entertainment,1.48
2021-12,Entertainment,reactions,3.0402777777777774
2021-12,Gaming,fps,7.075277777777778
2021-12,Gaming,gta,1.279722222222222
2021-12,Gaming,minecraft,2.5766666666666667
2021-12,Gaming,other_gaming,1.1708333333333332
2021-12,Gaming,strategy,9.744166666666667
2021-12,Gaming,streaming,11.23388888888889
2021-12,Howto & Style,other,2.104722222222222
2021-12,Music,other,2.5425
2021-12,News & Politics,other,0.9419444444444445
2021-12,People & Blogs,other_people_blogs,0.5127777777777778
2021-12,People & Blogs,personal_vlogs,0.005833333333333334
2021-12,Sports,other,0.9805555555555555
2021-12,Travel & Events,other,0.011666666666666667
2022-01,Comedy,other,0.051111111111111114
2022-01,Education,exam_prep,7.391944444444444
2022-01,Education,other_education,2.080277777777778
2022-01,Entertainment,comedy,0.6880555555555554
2022-01,Entertainment,other_entertainment,0.15305555555555556
2022-01,Entertainment,reactions,0.0975
2022-01,Film & Animation,other,1.4405555555555556
2022-01,Gaming,fps,0.1511111111111111
2022-01,Gaming,minecraft,2.4647222222222225
2022-01,Gaming,other_gaming,3.119166666666666
2022-01,Gaming,strategy,14.753333333333334
2022-01,Gaming,streaming,6.298888888888889
2022-01,Music,other,3.323888888888889
2022-01,News & Politics,other,0.1736111111111111
2022-01,People & Blogs,other_people_blogs,0.8205555555555556
2022-01,People & Blogs,personal_vlogs,0.05527777777777778
2022-01,Science & Technology,other,0.018333333333333333
2022-01,Sports,other,0.38722222222222225
2022-02,Autos & Vehicles,other,0.015833333333333335
2022-02,Comedy,other,0.030555555555555555
2022-02,Education,exam_prep,21.29416666666666
2022-02,Education,other_education,0.3527777777777778
2022-02,Entertainment,comedy,1.4722222222222223
2022-02,Entertainment,other_entertainment,0.5269444444444444
2022-02,Entertainment,reactions,0.33083333333333337
2022-02,Film & Animation,other,0.20305555555555554
2022-02,Gaming,fps,0.30694444444444446
2022-02,Gaming,minecraft,0.37416666666666665
2022-02,Gaming,other_gaming,0.024166666666666666
2022-02,Gaming,strategy,6.966666666666667
2022-02,Gaming,streaming,4.487222222222222
2022-02,Music,other,1.0558333333333334
2022-02,News & Politics,other,0.051944444444444446
2022-02,Nonprofits & Activism,other,0.15555555555555556
2022-02,People & Blogs,other_people_blogs,1.0997222222222223
2022-02,Science & Technology,other,0.8277777777777778
2022-02,Sports,other,0.3488888888888889
2022-03,Education,exam_prep,30.47111111111112
2022-03,Education,other_education,7.374166666666667
2022-03,Entertainment,comedy,0.863611111111111
2022-03,Entertainment,highlights,0.1461111111111111
2022-03,Entertainment,other_entertainment,3.031388888888889
2022-03,Entertainment,reactions,0.3105555555555556
2022-03,Film & Animation,other,0.40861111111111115
2022-03,Gaming,fps,0.40055555555555555
2022-03,Gaming,minecraft,0.3313888888888889
2022-03,Gaming,other_gaming,3.2786111111111116
2022-03,Gaming,strategy,11.236944444444445
2022-03,Gaming,streaming,5.44
2022-03,Howto & Style,other,0.0075
2022-03,Music,other,0.7152777777777778
2022-03,News & Politics,other,0.13777777777777778
2022-03,People & Blogs,other_people_blogs,6.2511111111111095
2022-03,Pets & Animals,other,0.03861111111111111
2022-03,Sports,other,0.22999999999999998
2022-03,Travel & Events,other,0.018055555555555554
2022-04,Comedy,other,0.07472222222222222
2022-04,Education,exam_prep,64.49583333333334
2022-04,Education,finance_market,0.26861111111111113
2022-04,Education,other_education,7.570277777777777
2022-04,Entertainment,comedy,0.8241666666666667
2022-04,Entertainment,other_entertainment,3.534166666666667
2022-04,Entertainment,reactions,6.4475
2022-04,Film & Animation,other,0.16333333333333333
2022-04,Gaming,fps,0.09222222222222223
2022-04,Gaming,minecraft,0.6072222222222222
2022-04,Gaming,other_gaming,2.1166666666666667
2022-04,Gaming,strategy,12.266944444444443
2022-04,Gaming,streaming,3.7913888888888896
2022-04,Howto & Style,other,0.37
2022-04,Music,other,1.5380555555555553
2022-04,News & Politics,other,0.5816666666666667
2022-04,Nonprofits & Activism,other,0.043611111111111114
2022-04,People & Blogs,other_people_blogs,2.813888888888888
2022-04,People & Blogs,personal_vlogs,0.03388888888888889
2022-04,Sports,other,0.1436111111111111
2022-05,Comedy,other,0.009722222222222222
2022-05,Education,exam_prep,96.1569444444444
2022-05,Education,finance_market,8.420555555555557
2022-05,Education,language,0.7022222222222223
2022-05,Education,other_education,0.0938888888888889
2022-05,Education,programming,0.6577777777777778
2022-05,Entertainment,comedy,2.854166666666666
2022-05,Entertainment,other_entertainment,0.6902777777777778
2022-05,Entertainment,reactions,0.7516666666666667
2022-05,Gaming,fps,0.2847222222222222
2022-05,Gaming,gta,0.6088888888888889
2022-05,Gaming,minecraft,0.6088888888888888
2022-05,Gaming,other_gaming,0.3838888888888889
2022-05,Gaming,strategy,26.206388888888895
2022-05,Gaming,streaming,4.229166666666666
2022-05,Music,other,2.6641666666666675
2022-05,Nonprofits & Activism,other,0.06916666666666667
2022-05,People & Blogs,other_people_blogs,14.573333333333336
2022-05,Science & Technology,other,0.20805555555555555
2022-05,Sports,other,0.014444444444444444
2022-06,Autos & Vehicles,other,0.010833333333333334
2022-06,Comedy,other,0.39166666666666666
2022-06,Education,exam_prep,139.30138888888894
2022-06,Education,finance_market,9.264722222222224
2022-06,Education,financial_education,1.2494444444444446
2022-06,Education,language,0.19194444444444445
2022-06,Education,other_education,1.3744444444444444
2022-06,Entertainment,comedy,2.253055555555556
2022-06,Entertainment,highlights,0.06333333333333334
2022-06,Entertainment,other_entertainment,7.506666666666667
2022-06,Film & Animation,other,0.22805555555555557
2022-06,Gaming,fps,2.363888888888889
2022-06,Gaming,other_gaming,4.8086111111111105
2022-06,Gaming,strategy,7.83027777777778
2022-06,Gaming,streaming,0.7033333333333334
2022-06,Music,other,2.5641666666666674
2022-06,People & Blogs,other_people_blogs,0.29444444444444445
2022-06,People & Blogs,personal_vlogs,0.3597222222222223
2022-06,People & Blogs,tech_reviews,0.03611111111111111
2022-06,Sports,other,0.08138888888888889
2022-06,Travel & Events,other,0.2841666666666667
2022-07,Autos & Vehicles,other,0.006666666666666667
2022-07,Comedy,other,1.1647222222222222
2022-07,Education,exam_prep,29.389444444444447
2022-07,Education,finance_market,1.2352777777777777
2022-07,Education,financial_education,1.156111111111111
2022-07,Education,other_education,1.2555555555555558
2022-07,Education,programming,0.2863888888888889
2022-07,Entertainment,comedy,1.3705555555555562
2022-07,Entertainment,other_entertainment,7.525277777777778
2022-07,Entertainment,reactions,0.014722222222222223
2022-07,Entertainment,shorts,0.020555555555555556
2022-07,Film & Animation,other,0.35250000000000004
2022-07,Gaming,fps,0.04638888888888889
2022-07,Gaming,gta,0.48305555555555557
2022-07,Gaming,minecraft,0.005277777777777778
2022-07,Gaming,other_gaming,4.878055555555556
2022-07,Gaming,strategy,16.164166666666667
2022-07,Gaming,streaming,0.3136111111111111
2022-07,Music,other,4.136666666666667
2022-07,News & Politics,other,0.14277777777777778
2022-07,People & Blogs,other_people_blogs,4.510833333333333
2022-07,People & Blogs,personal_vlogs,0.9475
2022-07,Sports,other,0.020277777777777777
2022-08,Autos & Vehicles,other,0.11944444444444445
2022-08,Education,exam_prep,12.073611111111118
2022-08,Education,finance_market,0.13111111111111112
2022-08,Education,financial_education,0.5608333333333333
2022-08,Education,other_education,0.7655555555555554
2022-08,Entertainment,comedy,1.0391666666666668
2022-08,Entertainment,highlights,0.07333333333333333
2022-08,Entertainment,other_entertainment,3.8452777777777776
2022-08,Entertainment,shorts,0.01611111111111111
2022-08,Film & Animation,other,0.2947222222222222
2022-08,Gaming,fps,0.011111111111111112
2022-08,Gaming,gta,0.26166666666666666
2022-08,Gaming,minecraft,0.6847222222222222
2022-08,Gaming,other_gaming,3.3163888888888886
2022-08,Gaming,strategy,9.096388888888889
2022-08,Gaming,streaming,4.450277777777778
2022-08,Howto & Style,other,0.3211111111111111
2022-08,Music,other,2.3113888888888887
2022-08,News & Politics,other,2.5380555555555553
2022-08,People & Blogs,other_people_blogs,1.6583333333333334
2022-08,People & Blogs,personal_vlogs,0.3897222222222222
2022-08,Science & Technology,other,0.21972222222222224
2022-08,Sports,other,0.8791666666666667
2022-09,Comedy,other,0.026111111111111113
2022-09,Education,exam_prep,2.5575
2022-09,Education,language,0.2025
2022-09,Education,other_education,0.015
2022-09,Entertainment,comedy,3.6516666666666686
2022-09,Entertainment,other_entertainment,11.926944444444445
2022-09,Entertainment,reactions,1.1825
2022-09,Entertainment,shorts,0.004722222222222222
2022-09,Gaming,fps,0.3369444444444445
2022-09,Gaming,gta,0.19416666666666665
2022-09,Gaming,minecraft,0.13444444444444445
2022-09,Gaming,other_gaming,1.9349999999999996
2022-09,Gaming,strategy,11.439999999999998
2022-09,Gaming,streaming,5.881111111111111
2022-09,Howto & Style,other,0.003611111111111111
2022-09,Music,other,1.2213888888888889
2022-09,News & Politics,other,1.1783333333333335
2022-09,People & Blogs,educational,0.0016666666666666668
2022-09,People & Blogs,other_people_blogs,0.9758333333333334
2022-09,Sports,other,0.3611111111111111
2022-10,Comedy,other,1.1313888888888888
2022-10,Education,exam_prep,17.27611111111111
2022-10,Education,language,0.19277777777777777
2022-10,Education,other_education,0.3383333333333333
2022-10,Education,statistics,1.5808333333333333
2022-10,Entertainment,comedy,0.4750000000000002
2022-10,Entertainment,highlights,0.986388888888889
2022-10,Entertainment,other_entertainment,1.0758333333333332
2022-10,Entertainment,reactions,0.2569444444444444
2022-10,Entertainment,shorts,0.004166666666666667
2022-10,Film & Animation,other,0.08138888888888889
2022-10,Gaming,other_gaming,0.3277777777777778
2022-10,Gaming,strategy,7.480555555555556
2022-10,Gaming,streaming,0.3038888888888889
2022-10,Howto & Style,other,0.08694444444444445
2022-10,Music,other,5.938055555555556
2022-10,News & Politics,other,0.6513888888888889
2022-10,Nonprofits & Activism,other,0.006111111111111111
2022-10,People & Blogs,other_people_blogs,1.5013888888888887
2022-10,People & Blogs,personal_vlogs,1.1969444444444444
2022-10,People & Blogs,tech_reviews,1.8888888888888888
2022-10,Science & Technology,other,0.18166666666666667
2022-10,Sports,other,0.5672222222222223
2022-11,Comedy,other,0.11222222222222222
2022-11,Education,exam_prep,0.8925
2022-11,Education,finance_market,0.2425
2022-11,Education,other_education,0.21472222222222223
2022-11,Entertainment,comedy,0.010277777777777778
2022-11,Entertainment,other_entertainment,1.126111111111111
2022-11,Entertainment,shorts,0.028611111111111108
2022-11,Film & Animation,other,0.435
2022-11,Gaming,fps,0.04027777777777777
2022-11,Gaming,gta,0.18305555555555555
2022-11,Gaming,other_gaming,1.1669444444444446
2022-11,Gaming,strategy,4.802777777777778
2022-11,Gaming,streaming,6.081666666666666
2022-11,Howto & Style,other,0.5358333333333334
2022-11,Music,other,3.7672222222222214
2022-11,News & Politics,other,1.6508333333333334
2022-11,People & Blogs,other_people_blogs,0.6416666666666665
2022-11,Pets & Animals,other,0.002777777777777778
2022-11,Science & Technology,other,0.37333333333333335
2022-11,Sports,other,1.216111111111111
2022-11,Travel & Events,other,0.38250000000000006
2022-12,Comedy,other,0.11944444444444446
2022-12,Education,exam_prep,11.569166666666668
2022-12,Education,finance_market,0.3202777777777778
2022-12,Education,other_education,0.6547222222222222
2022-12,Entertainment,comedy,0.9530555555555557
2022-12,Entertainment,other_entertainment,0.7855555555555556
2022-12,Entertainment,reactions,0.6947222222222222
2022-12,Entertainment,shorts,0.011111111111111112
2022-12,Film & Animation,other,0.27611111111111114
2022-12,Gaming,other_gaming,0.5841666666666667
2022-12,Gaming,strategy,6.998055555555555
2022-12,Gaming,streaming,4.654999999999999
2022-12,Howto & Style,other,0.07305555555555555
2022-12,Music,other,27.056666666666683
2022-12,News & Politics,other,0.5825
2022-12,Nonprofits & Activism,other,0.0019444444444444444
2022-12,People & Blogs,other_people_blogs,0.55
2022-12,People & Blogs,personal_vlogs,7.448333333333333
2022-12,Science & Technology,other,0.5619444444444445
2022-12,Sports,other,1.7472222222222222
2023-01,Autos & Vehicles,other,0.011944444444444445
2023-01,Comedy,other,0.01638888888888889
2023-01,Education,exam_prep,1.906388888888889
2023-01,Education,language,1.0741666666666667
2023-01,Education,other_education,2.134722222222222
2023-01,Education,statistics,3.115555555555556
2023-01,Entertainment,comedy,1.0752777777777778
2023-01,Entertainment,highlights,0.12944444444444445
2023-01,Entertainment,other_entertainment,2.0144444444444445
2023-01,Entertainment,shorts,0.0175
2023-01,Film & Animation,other,1.2919444444444446
2023-01,Gaming,fps,0.365
2023-01,Gaming,gta,5.438055555555556
2023-01,Gaming,minecraft,0.5822222222222223
2023-01,Gaming,other_gaming,0.3269444444444445
2023-01,Gaming,strategy,17.741111111111117
2023-01,Gaming,streaming,5.1755555555555555
2023-01,Howto & Style,other,0.003611111111111111
2023-01,Music,other,2.0830555555555557
2023-01,News & Politics,other,0.012777777777777777
2023-01,People & Blogs,other_people_blogs,2.8569444444444443
2023-01,People & Blogs,tech_reviews,0.10611111111111111
2023-01,Science & Technology,other,0.019166666666666665
2023-01,Sports,other,3.714722222222221
2023-02,Comedy,other,0.10888888888888888
2023-02,Education,exam_prep,1.3827777777777779
2023-02,Education,finance_market,0.015833333333333335
2023-02,Education,financial_education,0.31833333333333336
2023-02,Education,other_education,1.0672222222222223
2023-02,Entertainment,comedy,1.3594444444444442
2023-02,Entertainment,highlights,0.1908333333333333
2023-02,Entertainment,other_entertainment,9.430833333333334
2023-02,Entertainment,shorts,0.021666666666666667
2023-02,Film & Animation,other,0.32972222222222214
2023-02,Gaming,fps,0.2866666666666667
2023-02,Gaming,minecraft,0.5041666666666667
2023-02,Gaming,other_gaming,3.0438888888888886
2023-02,Gaming,strategy,19.095277777777774
2023-02,Gaming,streaming,5.367500000000001
2023-02,Howto & Style,other,0.06027777777777778
2023-02,Music,other,0.7130555555555556
2023-02,News & Politics,other,0.6300000000000001
2023-02,People & Blogs,other_people_blogs,1.0849999999999995
2023-02,People & Blogs,personal_vlogs,0.0525
2023-02,People & Blogs,tech_reviews,0.04666666666666667
2023-02,Pets & Animals,other,0.08888888888888889
2023-02,Science & Technology,other,0.35138888888888886
2023-02,Sports,other,0.6341666666666667
2023-03,Comedy,other,0.0963888888888889
2023-03,Education,exam_prep,1.4158333333333333
2023-03,Education,finance_market,0.05611111111111111
2023-03,Education,financial_education,0.39944444444444444
2023-03,Education,other_education,2.126666666666667
2023-03,Entertainment,comedy,1.6602777777777784
2023-03,Entertainment,highlights,0.18583333333333332
2023-03,Entertainment,other_entertainment,0.13194444444444445
2023-03,Entertainment,reactions,0.8055555555555556
2023-03,Entertainment,shorts,0.024166666666666666
2023-03,Film & Animation,other,0.11694444444444443
2023-03,Gaming,fps,0.14305555555555557
2023-03,Gaming,other_gaming,0.14361111111111108
2023-03,Gaming,strategy,10.059444444444445
2023-03,Gaming,streaming,0.22638888888888892
2023-03,Howto & Style,other,0.0038888888888888888
2023-03,Music,other,7.824166666666668
2023-03,News & Politics,other,7.4
2023-03,People & Blogs,commentary,0.0225
2023-03,People & Blogs,educational,0.004722222222222222
2023-03,People & Blogs,other_people_blogs,6.758611111111111
2023-03,People & Blogs,personal_vlogs,0.8641666666666666
2023-03,People & Blogs,tech_reviews,0.17027777777777778
2023-03,Science & Technology,other,0.016666666666666666
2023-03,Sports,other,0.8952777777777778
2023-04,Comedy,other,0.5730555555555557
2023-04,Education,exam_prep,4.267499999999999
2023-04,Education,finance_market,0.19944444444444445
2023-04,Education,financial_education,0.2477777777777778
2023-04,Education,other_education,1.2316666666666667
2023-04,Entertainment,comedy,2.1391666666666667
2023-04,Entertainment,highlights,0.056666666666666664
2023-04,Entertainment,other_entertainment,1.2230555555555556
2023-04,Entertainment,shorts,0.0019444444444444444
2023-04,Film & Animation,other,0.03027777777777778
2023-04,Gaming,fps,0.0075
2023-04,Gaming,minecraft,0.2608333333333333
2023-04,Gaming,other_gaming,0.435
2023-04,Gaming,strategy,6.205277777777779
2023-04,Gaming,streaming,0.14444444444444443
2023-04,Howto & Style,other,0.04805555555555555
2023-04,Music,other,3.862777777777777
2023-04,News & Politics,other,0.09194444444444444
2023-04,Nonprofits & Activism,other,0.065
2023-04,People & Blogs,other_people_blogs,1.6022222222222222
2023-04,People & Blogs,personal_vlogs,0.5613888888888888
2023-04,Sports,other,1.9783333333333333
2023-05,Comedy,other,0.4497222222222222
2023-05,Education,exam_prep,1.7877777777777777
2023-05,Education,finance_market,0.2361111111111111
2023-05,Education,financial_education,0.7652777777777777
2023-05,Education,language,0.03361111111111111
2023-05,Education,other_education,1.4124999999999999
2023-05,Education,programming,0.10027777777777777
2023-05,Entertainment,comedy,2.035555555555556
2023-05,Entertainment,highlights,0.027222222222222224
2023-05,Entertainment,other_entertainment,2.6783333333333332
2023-05,Entertainment,reactions,0.4736111111111111
2023-05,Entertainment,shorts,0.2825
2023-05,Film & Animation,other,0.08027777777777778
2023-05,Gaming,fps,0.9486111111111112
2023-05,Gaming,gta,0.02333333333333333
2023-05,Gaming,minecraft,0.021388888888888888
2023-05,Gaming,other_gaming,0.5236111111111111
2023-05,Gaming,strategy,8.883611111111112
2023-05,Gaming,streaming,1.621666666666667
2023-05,Howto & Style,other,0.01972222222222222
2023-05,Music,other,11.841666666666665
2023-05,News & Politics,other,3.529166666666667
2023-05,Nonprofits & Activism,other,0.01611111111111111
2023-05,People & Blogs,commentary,0.034722222222222224
2023-05,People & Blogs,educational,0.016666666666666666
2023-05,People & Blogs,other_people_blogs,2.3175
2023-05,People & Blogs,personal_vlogs,0.3963888888888889
2023-05,People & Blogs,tech_reviews,0.039999999999999994
2023-05,Pets & Animals,other,0.0030555555555555557
2023-05,Science & Technology,other,0.6027777777777777
2023-05,Sports,other,0.8488888888888888
2023-05,Travel & Events,other,0.03222222222222223
2023-06,Comedy,other,0.03833333333333333
2023-06,Education,exam_prep,1.4669444444444446
2023-06,Education,finance_market,1.3986111111111112
2023-06,Education,financial_education,3.2513888888888887
2023-06,Education,language,0.5677777777777778
2023-06,Education,other_education,2.2291666666666665
2023-06,Entertainment,comedy,0.7808333333333333
2023-06,Entertainment,highlights,0.009444444444444445
2023-06,Entertainment,other_entertainment,6.147222222222223
2023-06,Entertainment,reactions,0.008055555555555555
2023-06,Entertainment,shorts,0.1397222222222222
2023-06,Film & Animation,other,0.45138888888888884
2023-06,Gaming,minecraft,1.0380555555555555
2023-06,Gaming,other_gaming,2.961666666666667
2023-06,Gaming,strategy,9.373611111111108
2023-06,Gaming,streaming,7.087777777777778
2023-06,Howto & Style,other,2.0383333333333336
2023-06,Music,other,4.754166666666667
2023-06,News & Politics,other,1.5036111111111112
2023-06,People & Blogs,commentary,0.0325
2023-06,People & Blogs,educational,0.013888888888888888
2023-06,People & Blogs,other_people_blogs,3.133333333333333
2023-06,People & Blogs,tech_reviews,0.21777777777777776
2023-06,Pets & Animals,other,0.0675
2023-06,Science & Technology,other,0.015833333333333335
2023-06,Sports,other,5.04111111111111
2023-07,Comedy,other,0.17805555555555555
2023-07,Education,exam_prep,3.3144444444444443
2023-07,Education,finance_market,30.431388888888897
2023-07,Education,financial_education,0.9452777777777777
2023-07,Education,other_education,1.349722222222222
2023-07,Entertainment,analysis,0.15444444444444444
2023-07,Entertainment,comedy,0.3141666666666667
2023-07,Entertainment,highlights,0.051944444444444446
2023-07,Entertainment,other_entertainment,5.920277777777779
2023-07,Entertainment,reactions,0.008055555555555555
2023-07,Entertainment,shorts,0.06833333333333333
2023-07,Film & Animation,other,0.14916666666666667
2023-07,Gaming,fps,0.28111111111111114
2023-07,Gaming,gta,0.006111111111111111
2023-07,Gaming,other_gaming,2.0336111111111106
2023-07,Gaming,strategy,16.018055555555552
2023-07,Gaming,streaming,5.154999999999999
2023-07,Howto & Style,other,0.09444444444444444
2023-07,Music,other,5.720277777777777
2023-07,News & Politics,other,1.4024999999999999
2023-07,People & Blogs,other_people_blogs,2.7797222222222215
2023-07,People & Blogs,personal_vlogs,0.013888888888888888
2023-07,People & Blogs,tech_reviews,0.7508333333333334
2023-07,Science & Technology,other,0.1975
2023-07,Sports,other,3.6772222222222237
2023-07,Travel & Events,other,0.003611111111111111
2023-08,Comedy,other,0.4766666666666666
2023-08,Education,exam_prep,16.560555555555556
2023-08,Education,finance_market,47.26972222222222
2023-08,Education,financial_education,0.525
2023-08,Education,other_education,1.9272222222222224
2023-08,Education,programming,1.5169444444444444
2023-08,Education,statistics,2.3941666666666666
2023-08,Entertainment,comedy,0.4625000000000001
2023-08,Entertainment,other_entertainment,7.199722222222223
2023-08,Entertainment,reactions,0.006666666666666667
2023-08,Entertainment,shorts,0.021944444444444444
2023-08,Film & Animation,other,0.6463888888888889
2023-08,Gaming,fps,0.32611111111111113
2023-08,Gaming,gta,0.2875
2023-08,Gaming,minecraft,1.5744444444444445
2023-08,Gaming,other_gaming,4.232500000000001
2023-08,Gaming,strategy,14.35277777777778
2023-08,Gaming,streaming,6.045555555555555
2023-08,Music,other,16.8325
2023-08,News & Politics,other,3.4861111111111107
2023-08,People & Blogs,educational,0.1111111111111111
2023-08,People & Blogs,other_people_blogs,10.261944444444444
2023-08,People & Blogs,personal_vlogs,0.3383333333333333
2023-08,People & Blogs,tech_reviews,0.8905555555555555
2023-08,Pets & Animals,other,0.002777777777777778
2023-08,Science & Technology,other,5.648611111111111
2023-08,Sports,other,5.414999999999998
2023-08,Travel & Events,other,0.13583333333333333
2023-09,Comedy,other,0.06527777777777778
2023-09,Education,exam_prep,8.093333333333334
2023-09,Education,finance_market,36.249166666666646
2023-09,Education,financial_education,1.9469444444444441
2023-09,Education,language,0.1711111111111111
2023-09,Education,other_education,4.042777777777777
2023-09,Education,programming,12.581111111111111
2023-09,Entertainment,comedy,0.8063888888888888
2023-09,Entertainment,highlights,7.114166666666667
2023-09,Entertainment,other_entertainment,8.378333333333332
2023-09,Entertainment,shorts,0.03
2023-09,Film & Animation,other,0.43888888888888894
2023-09,Gaming,gta,0.03277777777777778
2023-09,Gaming,other_gaming,3.2633333333333336
2023-09,Gaming,strategy,27.496388888888887
2023-09,Gaming,streaming,40.265
2023-09,Music,other,31.55277777777778
2023-09,News & Politics,other,8.499166666666666
2023-09,People & Blogs,commentary,0.15222222222222223
2023-09,People & Blogs,other_people_blogs,14.472777777777775
2023-09,People & Blogs,personal_vlogs,0.010833333333333334
2023-09,Sports,other,8.179722222222223
2023-09,Travel & Events,other,0.3469444444444445
2023-10,Comedy,other,0.0025
2023-10,Education,exam_prep,7.378611111111111
2023-10,Education,finance_market,16.100555555555555
2023-10,Education,language,0.3616666666666667
2023-10,Education,other_education,3.006388888888889
2023-10,Education,programming,0.11944444444444445
2023-10,Entertainment,highlights,0.2602777777777778
2023-10,Entertainment,other_entertainment,1.3180555555555555
2023-10,Film & Animation,other,0.021944444444444444
2023-10,Gaming,minecraft,0.7647222222222223
2023-10,Gaming,strategy,6.368055555555555
2023-10,Gaming,streaming,0.43555555555555553
2023-10,Howto & Style,other,0.26361111111111113
2023-10,Music,other,2.6630555555555557
2023-10,News & Politics,other,20.07138888888889
2023-10,People & Blogs,educational,0.004722222222222222
2023-10,People & Blogs,other_people_blogs,2.289722222222222
2023-10,Pets & Animals,other,0.0038888888888888888
2023-10,Science & Technology,other,1.1497222222222223
2023-10,Sports,other,4.1625
2023-11,Comedy,other,0.02305555555555556
2023-11,Education,exam_prep,0.815
2023-11,Education,finance_market,2.226111111111111
2023-11,Education,other_education,0.1236111111111111
2023-11,Entertainment,highlights,0.014444444444444444
2023-11,Entertainment,other_entertainment,0.9966666666666667
2023-11,Film & Animation,other,3.403055555555556
2023-11,Gaming,minecraft,0.3327777777777778
2023-11,Gaming,other_gaming,3.6733333333333333
2023-11,Gaming,strategy,2.6705555555555556
2023-11,Gaming,streaming,1.1244444444444446
2023-11,Music,other,3.243333333333333
2023-11,News & Politics,other,0.785
2023-11,Nonprofits & Activism,other,0.059444444444444446
2023-11,People & Blogs,other_people_blogs,2.2952777777777778
2023-11,People & Blogs,personal_vlogs,0.005833333333333334
2023-11,Science & Technology,other,1.0444444444444445
2023-11,Sports,other,0.6666666666666667
2023-11,Travel & Events,other,0.39416666666666667
2023-12,Comedy,other,1.5027777777777778
2023-12,Education,exam_prep,0.18611111111111112
2023-12,Education,finance_market,3.9544444444444444
2023-12,Education,language,1.090277777777778
2023-12,Education,other_education,1.7016666666666669
2023-12,Education,programming,3.1680555555555556
2023-12,Entertainment,highlights,0.3522222222222222
2023-12,Entertainment,other_entertainment,0.0638888888888889
2023-12,Film & Animation,other,0.5922222222222222
2023-12,Gaming,gta,0.03944444444444444
2023-12,Gaming,other_gaming,0.3352777777777778
2023-12,Gaming,strategy,3.8600000000000003
2023-12,Howto & Style,other,0.020833333333333332
2023-12,Music,other,2.7616666666666667
2023-12,News & Politics,other,0.2525
2023-12,People & Blogs,other_people_blogs,5.903055555555556
2023-12,Sports,other,2.1558333333333333
2023-12,Travel & Events,other,0.008888888888888889
2024-01,Comedy,other,0.19611111111111112
2024-01,Education,exam_prep,24.28361111111111
2024-01,Education,finance_market,8.764166666666666
2024-01,Education,financial_education,3.996111111111111
2024-01,Education,other_education,0.871388888888889
2024-01,Education,programming,5.649166666666667
2024-01,Entertainment,comedy,2.9330555555555553
2024-01,Entertainment,other_entertainment,3.8116666666666665
2024-01,Film & Animation,other,0.08555555555555555
2024-01,Gaming,fps,0.21083333333333334
2024-01,Gaming,other_gaming,2.150555555555555
2024-01,Gaming,strategy,12.597777777777779
2024-01,Gaming,streaming,4.105277777777778
2024-01,Music,other,6.808888888888887
2024-01,News & Politics,other,0.017499999999999998
2024-01,People & Blogs,educational,0.012222222222222223
2024-01,People & Blogs,other_people_blogs,2.728333333333334
2024-01,People & Blogs,personal_vlogs,0.11
2024-01,Pets & Animals,other,0.09805555555555555
2024-01,Science & Technology,other,0.4519444444444444
2024-01,Sports,other,0.30333333333333334
2024-01,Travel & Events,other,0.11277777777777778
2024-02,Autos & Vehicles,other,0.31527777777777777
2024-02,Comedy,other,0.007222222222222222
2024-02,Education,exam_prep,18.013055555555557
2024-02,Education,finance_market,13.276944444444448
2024-02,Education,financial_education,0.26555555555555554
2024-02,Education,other_education,0.8533333333333334
2024-02,Entertainment,comedy,0.25722222222222224
2024-02,Entertainment,other_entertainment,2.9400000000000004
2024-02,Film & Animation,other,0.11499999999999999
2024-02,Gaming,other_gaming,0.8241666666666668
2024-02,Gaming,strategy,11.194999999999999
2024-02,Gaming,streaming,2.8738888888888887
2024-02,Howto & Style,other,0.10111111111111111
2024-02,Music,other,1.5538888888888889
2024-02,News & Politics,other,1.1158333333333332
2024-02,People & Blogs,other_people_blogs,3.699444444444444
2024-02,People & Blogs,personal_vlogs,0.28583333333333333
2024-02,People & Blogs,tech_reviews,0.09222222222222222
2024-02,Science & Technology,other,0.05138888888888889
2024-02,Sports,other,0.8116666666666665
2024-03,Comedy,other,0.10305555555555555
2024-03,Education,exam_prep,3.3491666666666666
2024-03,Education,finance_market,8.631944444444446
2024-03,Education,other_education,0.17277777777777778
2024-03,Entertainment,highlights,10.245277777777778
2024-03,Entertainment,other_entertainment,0.14944444444444446
2024-03,Film & Animation,other,0.6586111111111111
2024-03,Gaming,strategy,2.348333333333333
2024-03,Gaming,streaming,0.15333333333333332
2024-03,Music,other,13.614166666666668
2024-03,People & Blogs,other_people_blogs,1.9127777777777777
2024-03,People & Blogs,personal_vlogs,0.015
2024-03,Science & Technology,other,0.26666666666666666
2024-03,Sports,other,0.004166666666666667
2024-04,Comedy,other,0.043333333333333335
2024-04,Education,exam_prep,1.0733333333333333
2024-04,Education,finance_market,2.5369444444444444
2024-04,Education,financial_education,0.24694444444444444
2024-04,Education,other_education,0.6933333333333334
2024-04,Entertainment,other_entertainment,0.3238888888888889
2024-04,Entertainment,reactions,5.7858333333333345
2024-04,Film & Animation,other,0.09027777777777778
2024-04,Gaming,other_gaming,0.026944444444444444
2024-04,Gaming,strategy,5.499722222222223
2024-04,Gaming,streaming,0.1963888888888889
2024-04,Music,other,2.852222222222222
2024-04,News & Politics,other,0.042222222222222223
2024-04,People & Blogs,commentary,0.07861111111111112
2024-04,People & Blogs,other_people_blogs,1.7624999999999997
2024-04,People & Blogs,personal_vlogs,0.1338888888888889
2024-04,Sports,other,0.006111111111111111
2024-05,Comedy,other,0.021666666666666667
2024-05,Education,exam_prep,0.2813888888888889
2024-05,Education,finance_market,8.276111111111112
2024-05,Education,other_education,0.5302777777777777
2024-05,Education,programming,0.18
2024-05,Entertainment,other_entertainment,1.0855555555555554
2024-05,Entertainment,reactions,0.1675
2024-05,Film & Animation,other,0.11166666666666666
2024-05,Gaming,other_gaming,1.3033333333333332
2024-05,Gaming,strategy,1.6324999999999998
2024-05,Music,other,1.5374999999999996
2024-05,News & Politics,other,0.40305555555555556
2024-05,People & Blogs,other_people_blogs,4.361666666666666
2024-05,People & Blogs,personal_vlogs,0.4033333333333333
2024-05,Science & Technology,other,0.5941666666666667
2024-05,Sports,other,0.5430555555555555
2024-06,Comedy,other,0.08444444444444445
2024-06,Education,exam_prep,2.281388888888889
2024-06,Education,finance_market,9.412777777777778
2024-06,Education,financial_education,0.25666666666666665
2024-06,Education,other_education,3.246666666666667
2024-06,Education,programming,2.03
2024-06,Entertainment,other_entertainment,1.031111111111111
2024-06,Entertainment,reactions,0.16361111111111112
2024-06,Gaming,minecraft,3.361944444444445
2024-06,Gaming,other_gaming,0.7147222222222224
2024-06,Gaming,strategy,1.9472222222222222
2024-06,Gaming,streaming,0.715
2024-06,Howto & Style,other,1.7994444444444446
2024-06,Music,other,15.478333333333339
2024-06,News & Politics,other,2.589722222222222
2024-06,People & Blogs,other_people_blogs,7.429444444444442
2024-06,People & Blogs,personal_vlogs,0.2461111111111111
2024-06,People & Blogs,tech_reviews,0.16805555555555557
2024-06,Science & Technology,other,0.24555555555555555
2024-06,Sports,other,1.205
2024-07,Comedy,other,0.18777777777777777
2024-07,Education,exam_prep,8.628333333333334
2024-07,Education,finance_market,31.59972222222222
2024-07,Education,financial_education,2.2527777777777778
2024-07,Education,language,0.17277777777777778
2024-07,Education,other_education,15.628888888888888
2024-07,Education,programming,16.334444444444443
2024-07,Entertainment,comedy,0.014444444444444444
2024-07,Entertainment,highlights,0.015277777777777777
2024-07,Entertainment,other_entertainment,2.2938888888888886
2024-07,Entertainment,shorts,0.01138888888888889
2024-07,Film & Animation,other,0.2775
2024-07,Gaming,fps,0.029722222222222223
2024-07,Gaming,gta,0.005833333333333334
2024-07,Gaming,minecraft,0.7747222222222222
2024-07,Gaming,other_gaming,1.0741666666666667
2024-07,Gaming,strategy,6.349166666666666
2024-07,Gaming,streaming,1.021111111111111
2024-07,Howto & Style,other,0.4072222222222222
2024-07,Music,other,7.882499999999999
2024-07,News & Politics,other,0.20333333333333334
2024-07,People & Blogs,educational,0.009722222222222222
2024-07,People & Blogs,other_people_blogs,9.642777777777777
2024-07,People & Blogs,personal_vlogs,0.7094444444444444
2024-07,People & Blogs,tech_reviews,0.016666666666666666
2024-07,Science & Technology,other,1.0958333333333334
2024-07,Sports,other,0.7508333333333332
2024-08,Autos & Vehicles,other,0.015
2024-08,Comedy,other,0.2022222222222222
2024-08,Education,exam_prep,1.956388888888889
2024-08,Education,finance_market,38.091666666666654
2024-08,Education,financial_education,1.8866666666666665
2024-08,Education,language,0.40555555555555556
2024-08,Education,other_education,1.9063888888888887
2024-08,Education,programming,27.62
2024-08,Entertainment,comedy,0.24138888888888888
2024-08,Entertainment,highlights,0.06916666666666667
2024-08,Entertainment,other_entertainment,7.7988888888888885
2024-08,Entertainment,reactions,0.3072222222222222
2024-08,Entertainment,shorts,0.5858333333333333
2024-08,Film & Animation,other,0.888888888888889
2024-08,Gaming,fps,0.3013888888888888
2024-08,Gaming,gta,0.12111111111111111
2024-08,Gaming,minecraft,17.744166666666676
2024-08,Gaming,other_gaming,1.7102777777777773
2024-08,Gaming,strategy,2.655555555555555
2024-08,Gaming,streaming,1.4158333333333326
2024-08,Howto & Style,other,0.435
2024-08,Music,other,1.6630555555555548
2024-08,News & Politics,other,1.5563888888888886
2024-08,Nonprofits & Activism,other,0.006666666666666667
2024-08,People & Blogs,commentary,0.06833333333333334
2024-08,People & Blogs,educational,0.16777777777777778
2024-08,People & Blogs,other_people_blogs,2.845833333333332
2024-08,People & Blogs,personal_vlogs,0.10833333333333332
2024-08,People & Blogs,tech_reviews,5.238333333333333
2024-08,Pets & Animals,other,0.034166666666666665
2024-08,Science & Technology,other,6.265277777777778
2024-08,Sports,other,0.5836111111111111
2024-08,Travel & Events,other,0.02638888888888889
2024-09,Autos & Vehicles,other,0.005555555555555556
2024-09,Comedy,other,0.295
2024-09,Education,exam_prep,48.371388888888895
2024-09,Education,finance_market,27.82833333333334
2024-09,Education,financial_education,0.3016666666666667
2024-09,Education,language,0.2
2024-09,Education,other_education,2.563333333333334
2024-09,Education,programming,28.74805555555556
2024-09,Entertainment,highlights,0.1786111111111111
2024-09,Entertainment,other_entertainment,1.728611111111111
2024-09,Film & Animation,other,0.14416666666666667
2024-09,Gaming,gta,0.005277777777777778
2024-09,Gaming,minecraft,1.4666666666666666
2024-09,Gaming,other_gaming,0.35
2024-09,Gaming,strategy,3.793888888888889
2024-09,Gaming,streaming,8.104166666666666
2024-09,Howto & Style,other,1.0241666666666667
2024-09,Music,other,4.057222222222221
2024-09,News & Politics,other,9.164444444444445
2024-09,People & Blogs,other_people_blogs,3.955277777777778
2024-09,People & Blogs,tech_reviews,0.14750000000000002
2024-09,Science & Technology,other,0.9924999999999999
2024-09,Sports,other,9.685555555555556
2024-10,Comedy,other,0.027777777777777776
2024-10,Education,exam_prep,1.7305555555555556
2024-10,Education,finance_market,7.6225000000000005
2024-10,Education,financial_education,0.36083333333333334
2024-10,Education,other_education,0.04694444444444444
2024-10,Education,programming,0.13333333333333333
2024-10,Entertainment,analysis,0.011666666666666667
2024-10,Entertainment,highlights,0.05138888888888889
2024-10,Entertainment,other_entertainment,2.8713888888888888
2024-10,Film & Animation,other,0.02388888888888889
2024-10,Gaming,other_gaming,0.08222222222222222
2024-10,Gaming,streaming,0.25055555555555553
2024-10,Howto & Style,other,0.4736111111111111
2024-10,Music,other,3.8669444444444436
2024-10,News & Politics,other,1.6025
2024-10,People & Blogs,commentary,0.06972222222222223
2024-10,People & Blogs,other_people_blogs,0.7611111111111112
2024-10,Pets & Animals,other,0.13972222222222222
2024-10,Science & Technology,other,4.409722222222222
2024-10,Sports,other,0.6325000000000001
2024-11,Education,finance_market,14.836388888888893
2024-11,Education,programming,0.0044444444444444444
2024-11,Entertainment,analysis,0.12611111111111112
2024-11,Entertainment,comedy,0.02
2024-11,Entertainment,highlights,0.1063888888888889
2024-11,Entertainment,other_entertainment,0.024166666666666666
2024-11,Film & Animation,other,0.34833333333333333
2024-11,Gaming,gta,2.063888888888889
2024-11,Gaming,minecraft,0.07111111111111111
2024-11,Gaming,other_gaming,0.006388888888888889
2024-11,Gaming,strategy,0.7672222222222222
2024-11,Howto & Style,other,0.7561111111111111
2024-11,Music,other,1.3505555555555557
2024-11,News & Politics,other,0.6908333333333334
2024-11,People & Blogs,other_people_blogs,0.4166666666666666
2024-11,Pets & Animals,other,0.0044444444444444444
2024-11,Science & Technology,other,0.5758333333333333
2024-11,Sports,other,1.0569444444444445
2024-11,Travel & Events,other,0.010555555555555556
